,Title
1,(Global) Senior Research Scientist
2,(Senior) Automotive Research Engineer for Cloud Computing (m/w/d)
3,(Senior) Consultant* - Data Management
4,(Senior) Digital Analytics Engineer
5,(Senior) Director Data Science for Pricing / Yield Management  (m/f/d)
6,(Senior) Director Data Science for Pricing / Yield Management & Data Science Lead Team Portugal (m/f/d)
7,(Senior) ML Platform / DevOps Engineer
8,(Sr.) Machine Learning Scientist
9,"(Sr.) Scientist, Computational Protein Design"
10,302 - Data Analytics Specialist - CMS End Stage Renal Disease (ESRD)
11,3D Data Quality Analyst - Contract
12,"80389998 - Engineer, Data"
13,AI Algorithms - Hardware Codesign Lead (Senior AI Software Engineer)
14,AI Alignment - Research Engineer
15,AI Architect
16,AI Compiler and Performance Engineer
17,AI Engineer
18,AI Intern (ChatGPT Specialist)
19,AI Product Manager
20,AI Product Owner - Manufacturing (f/m/div.)
21,AI Programmer
22,AI Programmer VR (UE)
23,AI Research Engineer
24,AI Research Scientist
25,AI Research Scientist  Perception and Machine Learning
26,AI Solution Cluster Manager
27,AI Solution Manager/Senior AI Solution Manager
28,AI/ML Data Labeling Manager - UK
29,AI/ML Data Labeling Manager - US
30,"AI/ML Modeling, Simulation and Analysis Engineer (Senior)"
31,AML Operations Specialist
32,Accounting Professor- Data Analytics/AIS- 90K+ Salary
33,Adjunct Instructors - Data Science Program - 2023/2024
34,Alternance Consultant(e) Data Analytics - H/F
35,Alumio Solution Engineer (Data Integration)
36,"Amazon Robotics - Hardware Engineer Co-op (July-December 2023), Amazon Robotics"
37,Analista de Sistemas | Foco em Power BI e SharePoint
38,Analyst (Data Integration)
39,"Analyst - Organizational Effectiveness (Data Management & Modelling, M&A)"
40,"Analyst, Data Science"
41,"Analyst, Decision Sciences"
42,Analyst- Data Management
43,Analyste-Programmeur spécialiste ETL
44,Analytics Engineer
45,Analytics Engineer (Remote)
46,Analytics Engineer - Ads Business Insights
47,Analytics Engineer - Analytics Hub
48,Analytics Engineer - Consumer & Order and Pay
49,"Analytics Engineer - ENA London, Warsaw (F/M)"
50,Analytics Engineer II
51,Analytics Engineer Intern
52,Analytics Engineering Manager
53,Android Developer (AI)
54,Android Engineer (Dubai)
55,App Development Project Manager (Chatbot)
56,Application Infrastructure Consulting (Aic) - 22662 - 22663
57,"Application Integration Engineer, Computer Vision Program"
58,Applied AI Researcher
59,Applied Machine Learning Researcher
60,Applied Research Scientist
61,Applied Research Scientist - Scientifique en recherche appliquée
62,Applied Scientist
63,Applied Scientist - Reinforcement Learning and Foundation Models
64,Applied Scientist II
65,"Applied Scientist II, AWS AI"
66,"Applied Scientist II, Amazon Search"
67,"Applied Scientist, Automated Reasoning Group for Healthcare and Payments Security"
68,"Applied Scientist, Generative AI, Creative X"
69,"Applied Scientist, Sponsored Ads"
70,"Applied Scientist- Search Query Recommendation, Search Assistance"
71,Artificial Intelligence Compiler Engineer (Software Engineer)
72,Artificial Intelligence Engineer
73,Artificial Intelligence Hardware Architect (Senior Hardware Architect)
74,Artificial Intelligence Lead | KPMG Futures
75,Artificial Intelligence Software Library Technical Lead
76,Artificial Intelligence and Machine Learning Developer
77,Assistant Analytics Engineer
78,Assistant Mgr - Data Sciences
79,Assistant/Associate Professor in Embedded Artificial Intelligence  at Télécom Paris - CDI
80,Associate AI/ML Engineer
81,Associate Analytics Engineer
82,Associate Data Analytics Manager(CPG)
83,Associate Director | Artificial Intelligence Lead | KPMG Futures
84,"Associate Director, Commercial Data Management Lead"
85,"Associate Director, Data Science"
86,"Associate Director, Laboratory Data Management and Programming"
87,Associate Director/Director of Chemical Data Analytics
88,"Associate Research Scientist - Proteomics, Phage Display"
89,Autonomous Driving Agile Master Lead (C++ OOPs) - EXP 2023
90,Azure AI/ML Expert
91,BE | Analytics Engineer
92,BI Analyst
93,"BI Analyst  Based in Parsippany-Troy Hills, NJ"
94,BI Developer
95,BI Development Lead - India
96,BI Engineer & Data Visualisation
97,BI Solution Designer
98,Backend Developer (AI)
99,Backend Engineer (Dubai)
100,"Backend Engineer, AI"
101,"Backend Engineer, Data"
102,Bear Robotics
103,Bi Analyst Jr - 24170
104,Big Data
105,"Big Data Full Stack Software Engineer (Top Secret), Python - 1545"
106,Bigdata Tester II (R-14443)
107,Business Analyst
108,Business Intelligence
109,"Business Partner, Data Analysis"
110,CV/ML Engineer for 3D Virtual Humans - Remote Europe
111,ChatGPT & AI Consultant (Part Time)
112,ChatGPT / AI Consultant (Part Time)
113,ChatGPT Consultant
114,Chatbot Conversational Writer | Pleno
115,Chatbot Engineer
116,Chatbot Specialist
117,"Chief Engineer, Autonomy (R2020)"
118,Clinical Data Reporter
119,Clinical NLP Engineer
120,Cloud Computer Vision Engineer
121,Cloud Database Analyst
122,"Co-Op/Intern Developer, Machine Learning - QA"
123,"Computational Biologist, Translational Science - Location Flexible"
124,Computational Linguist (Speech) - English USA Native
125,"Computer Engineer, Computer Vision Hardware (MID//SR)"
126,"Computer Engineer, Computer Vision Hardware (MID//SR)-m/f/d"
127,"Computer Engineer, Computer Vision Software and Hardware"
128,Computer Science Expert AI Training - Machine Learning (Remote)
129,Computer Vision Engineer
130,Computer Vision Intern
131,Computer Vision Researcher
132,"Computer Vision Researcher / Engineer, Localization"
133,"Constructability Engineer, Data Center Design Engineering"
134,Consultant (German Speaking) - Data Analytics
135,Consultant - Data Managed Services
136,Consultant Data Analytics (m/w/d)
137,Consultant Data Analytics IT Digital Impulse - H/F
138,Consultant Data Visualisation - H/F
139,Consultant DataOps/DevOps
140,Consultant Senior Data Visualisation - H/F
141,Consultant in Data Science
142,Consultant(e) Data Analytics - H/F
143,Consultant(e) Data Science
144,Consultant(e) Data Science - Bureau de Lyon
145,Consultant(e) Data Science - Bureau de Marseille
146,Consultant(e) Data Science - Bureau de Nantes
147,Consultant(e) Power BI
148,Consultant(e) Power BI & Azure - H/F
149,Consultant(e) Power BI confirmé(e)
150,Consultant(e) Senior Data Science
151,Consultant(e) Senior Data Science - Bureau de Marseille
152,Consultant(e) Senior Data Science - Bureau de Nantes
153,Consultant(e) confirmé(e) ETL
154,"Consultant, Data Analytics"
155,Consulting - Robotics Process Automation (RPA) Developer
156,Content Developer - AI and Machine Learning
157,Contract: Data Infrastructure Engineer
158,Coordinateur projets Genotypage data analyse (H/F)
159,Coordinator of Data Operations
160,Copywriter (ZibraAI)
161,"Course Associate, Data Analysis and Visualization in Sustainability (Fall 2023)"
162,Credit Risk Decision Scientist - Afterpay
163,Customer Analytics
164,Customer Data Specialist
165,Customer Success & Insight Analyst
166,"Customer Success Junior ML Engineer, Onboarding Specialist"
167,"Customer Success Support Specialist (Remote Technical Support, Robotics) - U.S."
168,Customer-Facing Deep Learning Solutions Architect
169,Customs Brokerage Executive (Air Freight)
170,DB/ETL Developer
171,DB/ETL Tech Lead
172,Data & Analytics Engineer
173,Data Analyst
174,Data Analytics Architect (Microsoft emphasis)
175,"Data Analytics Architect, Multi-Instance"
176,Data Analytics Consultant
177,Data Analytics Engineer
178,Data Analytics Engineer H/F
179,Data Analytics Hub Manager
180,Data Analytics Intern - Le Cubs 2023
181,Data Analytics Internship (Summer 23/24)
182,Data Analytics Lead
183,"Data Analytics Manager - Compliance, Risk & Internal Audit"
184,"Data Analytics Manager, SPEAR Operations Support & Services (OS2)"
185,Data Analytics Project Manager
186,Data Analytics Specialist
187,Data Analytics and Insights Analyst
188,Data Analytics and Reporting Engineer
189,Data Architect
190,Data Developer
191,Data Engineer
192,Data Infrastructure Engineer
193,Data Infrastructure Engineer for a Management Software for Private Practices
194,Data Infrastructure Product Manager
195,Data Integration Analyst (West Coast/Chicago)
196,Data Integration Engineer
197,Data Integration Specialist
198,Data Integration Support Representative
199,Data Integrations Engineer
200,Data Lead - Products / Mobile Apps  : Green Panda Games (M/W/NB)
201,Data Learning Engineer
202,Data Management - Lead Associate (Hybrid)
203,Data Management Consultant
204,Data Management Consultant Banking (f/d/m) Financial Services Data Platform FSDM
205,Data Management Intern (12 months Internship)
206,Data Management Internship
207,Data Management Scrum Master
208,Data Management Specialist
209,Data Management Supervisor
210,"Data Management System General Support Coordinator, Consultancy"
211,Data Management consultant
212,Data Manager
213,Data Modeler
214,Data Modeling Engineer (w/m/div.)
215,Data Operations & Insights Manager
216,Data Operations Administrator ( 3 Month Contract )
217,Data Operations Analyst
218,Data Operations Associate
219,Data Operations Client Onboarding
220,Data Operations Development Team Lead
221,Data Operations Engineer
222,Data Operations Manager
223,Data Operations Manager - Link
224,Data Operations Specialist
225,Data Ops
226,Data Pipeline Engineer
227,"Data Platform Developer, Machine Learning"
228,Data Product Manager
229,Data Product Manager - SafeMine Cloud
230,Data Product Owner
231,Data Product Owner H/F
232,Data Quality & Compliance Analyst
233,Data Quality Analyst
234,Data Quality Analyst - 12 month FTC
235,Data Quality Analyst - Stage
236,Data Quality Analyst Internship
237,Data Quality Analyst/ Test Analyst
238,Data Quality Consultant
239,Data Quality Management Specialist
240,Data Quality QA Engineer
241,Data Quality Team Lead
242,Data Science & Analytics Internships  Academic Year
243,Data Science Analyst
244,Data Science Analyst | It | Sb Finance (Makati)
245,Data Science Associate
246,Data Science Consultant
247,Data Science Consultant (TS/SCI clearance)
248,"Data Science Director, Analytics"
249,Data Science Engineer
250,Data Science Graduate Programme
251,Data Science Instructor
252,Data Science Intern
253,Data Science Intern - Large Language Model
254,Data Science Intern - Large Language Models
255,Data Science Intern/Stagiaire en données - Fall 2023/Automne 2023
256,Data Science Lead
257,Data Science Lead (Hybrid)
258,Data Science Manager
259,Data Science Manager (m/f/d)
260,"Data Science Manager, Marketing"
261,"Data Science Manager, Risk Interventions"
262,Data Science Product Owner
263,Data Science Software Engineer
264,Data Science Team Lead
265,Data Science Tech Lead
266,Data Science in Product Design Engineering
267,Data Science intern
268,Data Scientist
269,Data Specialist
270,Data Specialist (Engineering & Analytics) - FinTech
271,Data Specialist - Governance
272,"Data Strategy Manager (CRM & Loyalty, Consumer Experience, eCommerce)"
273,Data Visualisation Consultant
274,Data Visualization Analyst
275,Data Visualization Engineer
276,Data Visualization Specialist
277,Data and Analytics Manager
278,Data stage ETL
279,"DataOps Engineer, Streaming"
280,"Database Developer - Databricks, Data Modeling"
281,Database Engineer(Elasticsearch/ OpenSearch)
282,Databricks - SONY
283,Databricks Administrator
284,Databricks and Scala Engineer geospatial
285,"Decision Scientist, Risk"
286,Deep Learning (AI) Lead
287,Deep Learning AI Scientist
288,Deep Learning Engineer
289,Deep Learning Field Engineer
290,Delivery Manager - Data and AI Consulting Services
291,"Deployment Specialist -(Travel, Early Career Robotics)-Central to East Coast - US"
292,DevOps Engineer (Dubai)
293,Digital Analytics Engineer
294,Digital Data Specialist
295,Digital Marketing Lead (ZibraAI)
296,Director AI Science
297,Director of Data Science
298,Director of Data Science (f/m/x)
299,"Director of Delivery, Data Operations"
300,Director of Machine Learning Platform Engineering
301,Director | Master Data Management Delivery Lead| Data & Cloud - NV1 Clearance
302,"Director, Artificial Intelligence (AI)"
303,"Director, Artificial Intelligence and Machine Learning"
304,"Director, Computational Biology"
305,"Director, Data Analytics"
306,"Director, Data Analytics & Insights"
307,"Director, Data Analytics and Insights"
308,"Director, Data Science"
309,"Director, Data Science (Engagement)"
310,"Director, Engineering - ML / AI"
311,"Director, IVA and AI Solutions - Professional Services Practice Lead"
312,"Director, Machine Vision & Robotics"
313,"Director, Spark Technical Solutions"
314,"Director, Trust & Panel Data Integrity"
315,Director- Data Science Platform
316,Développeur Power BI - H/F
317,ECQ3 Full Stack Machine Learning Developer
318,ESG Data Operations Senior Manager
319,ETAS Test Lead - Autonomous Driving Solutions
320,ETL (Spark/Scala) Team Lead - Remote
321,ETL Developer
322,"ETL Developer - Remote (USC, GC, GC EAD)"
323,ETL and Data Warehouse Testing Intern
324,"Economist, Pricing and Causal Inference"
325,"Electrical Design Engineer, Data Center Design Engineering"
326,"Engineer, Autonomy Systems & Sensors"
327,"Engineer, Computer Vision"
328,"Engineer, Computer Vision and Graphics"
329,Engineering Manager (Java / Bigdata)
330,Engineering Manager - Core ML & Chatbot
331,"Engineering Manager, ML Platform"
332,"Engineering Manager, Machine Learning Team"
333,"Engineering Team Lead, Data Modelling"
334,"Engineering Team Lead, Imaging Tech"
335,Enterprise Search - Senior Product Manager- AI/ML
336,Entry Level (Recent Tech Grads) BI Analyst - MUST BE US-BASED
337,Especialista Machine Learning
338,Especialista em Auditoria Interna - Data Analytics
339,Event manager (AI House)
340,"Executive Training Coach, Artificial Intelligence"
341,Expert Cloud Data (F/H)
342,Expert in AI/ NLP/ ML - 4354
343,FAIR Data Lead
344,FSA (FinTech) - Quantitative Machine Learning Specialist & Software Developer
345,"Field Sample Specialist (Air Samples) - Eurofins Environment Testing  Pueblo, CO"
346,Finance Data Management Manager (Hybrid)
347,Football Data Specialist
348,Fraud Investigator - Data Analytics
349,Front End Developer Angular (AI/ML)
350,Frontend Developer (Chatbot)
351,Full Stack Engineer for Computer Vision Products
352,Function Developer - Artificial Intelligence/Machine Learning in Automobile Applications
353,Gameplay AI programmer
354,"Graduate - Data Science, Visa Consulting & Analytics, AuNZSP"
355,Graduate Analytics Engineer
356,Graduate Imaging Geophysicist
357,Graduate Motorsport Data Analyse and Engineer
358,Group Manager Data Analytics India
359,"Group Manager, Technical Data Science"
360,Gruppenleitung Supply Chain Management & Data Analytics (w/m/div.)
361,HRIS & Data Analytics Specialist
362,HSO GS - AI/ML | 5-7 Years
363,HTML Developer
364,HTML Developer (2 months freelance contract)
365,Hardware Analysis Engineer (Airbag System)
366,"Head of AI, Analytics and Data"
367,Head of AML Operations (m/f/d)
368,Head of Applied AI/ML
369,Head of Data
370,Head of Data & Analytics
371,Head of Data - Digital & Cloud
372,Head of Data Analytics
373,Head of Data Privacy
374,Head of Data Science
375,Head of Data Science & Predictive Modeling
376,Head of Data Science (f/m/x)
377,Head of Data Science and Analytics
378,"Head of Data Science, Analytics and BI"
379,Head of DataOps & Render Support
380,Head of Health Data Science
381,Head of Product Data Management
382,Head of Product Data Science
383,IN BGSW SystemTester Autonomoriving EXM 2023 (Cloe)
384,IT Application Architect (SAP / Master Data Management)
385,IT Development Lead with ABAP (SAP / Master Data Management)
386,"IT Intern, Data Integration Services"
387,Image Processing and Computer Vision for Navigation Intern
388,Imaging & Histology Specialist
389,Imaging Coordinator
390,Imaging Geophysicist
391,Imaging Geophysicist - CDI permanent contract
392,Imaging Geophysicist / Scientist - 2023 Graduate Programme
393,India FP&A - Sr.Manager (Bangalore or Mumbai)
394,Information Security & Data Management Trainer
395,Ingénieur Data / Power BI (H/F)
396,Insight Analyst
397,Insight Analyst II
398,Insights & Data Specialist (Growth)
399,"Instructor, AI/Machine Learning (Part-time)"
400,Instructor- Data Analytics
401,Intermediate / Senior Fullstack Engineer (AI Team)
402,"Intern, Data Science"
403,Internship Program: Machine Learning Backend
404,Internship Robotics: Exploring different vision technologies
405,Internship Robotics: Integrating new sensors to improve localization
406,Internship: Robotics
407,Java Full Stack Developer-Robotics (Colorado only)
408,Jitterbit Data Integration Architect
409,Jr. CRM Data Quality Specialist
410,Junior BI Analyst
411,Junior Clinical Trials Data Specialist
412,Junior Data Operations Developer
413,Junior Data and Insight Analyst
414,Junior Insight Analyst
415,Junior MLOps - Intern
416,Junior SW Developer with NLP knowledge
417,Junior Software Engineer - Python / Java / AI / ML
418,Knowledge Management Data Specialist
419,Lead AI Programmer - Remote
420,Lead Analyst (BI Data Development)
421,Lead Analytics Engineer
422,"Lead BI Analyst (Supply Analytics, Bangkok-based)"
423,Lead Data Strategy Consultant
424,"Lead Engineer, MLOps Platform"
425,Lead ML Platform Engineer
426,"Lead Machine Learning Research Engineer, Generative AI"
427,"Lead Research Engineer, Machine Learning"
428,Lead Robotics Engineer
429,Lead Software Engineer - AI/ML team (.net + python)
430,"Lead Software Engineer, ML Infrastructure"
431,"Lead Software Engineer, Machine Learning Platform"
432,"Lead/Principal Product Manager, AI/ML"
433,Live Data Operator
434,Logistics Lead - Imaging
435,ML Engineer
436,ML Engineer - Senior Software Engineer
437,ML PhD Intern - LLMs & Generative AI
438,ML Platform Engineer
439,ML Postdoc Researcher - LLMs & Generative AI
440,ML Research Engineer
441,MLOps Engineer
442,"Machine Learning & Software Engineer, Infrastructure - EMEA Remote"
443,"Machine Learning & Software Engineer, Infrastructure - US Remote"
444,Machine Learning (ML) Engineers (AI)
445,Machine Learning - Fresher
446,Machine Learning Engineer
447,Machine Learning Force Fields Scientist (Materials Science)
448,Machine Learning Implementation Engineer
449,Machine Learning Infrastructure Engineer
450,Machine Learning Intern/Co-op (Fall 2023)
451,Machine Learning Internmulti-modal models
452,Machine Learning Manager
453,Machine Learning Manager (Systems)
454,Machine Learning Ops Engineer (EMEA Time Zone - Remote)
455,Machine Learning Ops Specialist
456,Machine Learning Platform Lead
457,Machine Learning Product Manager (EMEA Time Zone - Remote)
458,Machine Learning Product Owner
459,Machine Learning Research Engineer - Federal
460,"Machine Learning Research Engineer, Generative AI"
461,Machine Learning Research Scientist
462,Machine Learning Research Scientist - Reinforcement Learning
463,Machine Learning Researcher (internship)
464,Machine Learning Scientist (Intern)
465,Machine Learning Scientist - ETA & Routing
466,Machine Learning Scientist I - Experiences
467,Machine Learning Scientist II
468,"Machine Learning Scientist, Genomics"
469,Machine Learning Specialist
470,Machine Learning for Natural Language Processing Intern
471,Manager - DS-AI & Machine Learning
472,Manager - Data Science
473,Manager Data Strategy
474,Manager of Growth Data Science
475,"Manager, Apparel Data Analytics & CRM"
476,"Manager, Business Insights & Data Analytics"
477,"Manager, Business Operations - Diagnostic Imaging and Laboratory"
478,"Manager, Clinical Data Management"
479,"Manager, Cloud Data Operations"
480,"Manager, Data Science"
481,"Manager, Data Science (Machine Learning)"
482,"Manager, Decision Sciences"
483,"Manager, Engineering (C#, .NET CORE, SQL, React, AWS/Azure, ETL, SAP Systems)"
484,"Manager, Internal Audit - Lending Products, Credit and Models (CHNW)"
485,"Manager, Measurement Innovation & Data Science"
486,"Manager, Product Data Analytics"
487,"Manager, Provincial Data Management"
488,"Manager, Software Engineering (Machine Learning Team)"
489,Managing Director Data Science
490,Market Data Management/Administration
491,Master Data Management Analyst
492,Master Data Management Plants (f/m/div.)
493,Master Data Management Plants (f/m/div.) (salary: ~81.000 EUR p.a.*)
494,Master Data Team Manager
495,Member of Technical Staff - Research (Deep Learning)
496,Mid-Level Software Engineer - Data Team
497,Middle ML Engineer/Developer (Graai)
498,"Middle Product Manager (Data Analysis, Fintech)"
499,Modelling / Data Science - Lead Analyst - Analytics
500,Modelling / Data Science - Manager- Analytics
501,Modelling / Data Science - Sr. Analyst - Analytics
502,NLP Engineer
503,Natural Language Processing Intern
504,Nutrition Data Management Specialist
505,Operations Planner Data Management Technician
506,Operations Transformation Manager (all genders) with Focus on Chat/Chatbot
507,PDRA in AI for Autonomous Systems
508,Partner Data Specialist
509,People Analytics Data Visualization Senior Associate (Open to Remote)
510,People Data Specialist
511,Personal Assistant to the CIO (AI Asset Mgmt Team)
512,Pessoa Engenheira de Machine Learning Júnior
513,Pessoa Engenheira de Machine Learning Sênior
514,PhD Position - Neuro-Symbolic AI for Scene Understanding in Autonomous Driving
515,PhD in Radar Deep Learning Perception
516,Power BI Analyst
517,Power BI Architect
518,Power BI Engineer
519,Power BI Specialist
520,"Pre-College Instructor, Big Data, Machine Learning & their Real World Applications (On-Campus) Summer 2023"
521,PreMaster Programm - Data Analytics and Visualization
522,Principal  - Data Science
523,Principal Applied Scientist
524,"Principal Applied Scientist, Amazon Search"
525,"Principal Applied Scientist, SPeXSci"
526,"Principal Applied Scientist, Search Science and AI"
527,"Principal Applied Scientist, Sponsored Products"
528,Principal Big Data Architect
529,Principal Data Strategist Consultant
530,Principal Deep Learning Engineer - Computer Vision
531,Principal Engineer - Data Integrations
532,"Principal Engineer, Data Management Engineering"
533,"Principal Engineer, Data Productivity"
534,"Principal Engineer, Data Project Management"
535,"Principal Engineer, Data Systems"
536,"Principal Engineer, Data and Control Systems"
537,"Principal Engineer, Datacenter Software Systems"
538,"Principal Lead, Autonomous Manipulation"
539,Principal ML Engineer - AI Platform
540,Principal Machine Learning (ML) Engineer
541,"Principal Product Marketing Manager, AI & Machine Learning"
542,"Principal Site Reliability Engineer, Datastores (Hybrid)"
543,Principal Software Engineer  (AI/ML)
544,Principal Software Engineer - Machine Learning
545,"Principal Software Engineer, Applied ML"
546,Principal/Lead Software Engineer - Autonomy Products
547,Product Analyst - Remote (Mumbai)
548,Product Data Management Manager (Hybrid)
549,Product Data Specialist
550,Product Data Specialist (HW)
551,Product Data Strategist (Hybrid)
552,Product Manager - Computer Vision
553,Product Manager - Experts & Artificial Intelligence
554,Product Manager for Healthcare AI Products
555,"Product Manager, Research - AI/ML & Data Science"
556,Product Manager- Data Visualization & Analytics
557,Product Owner - Data Visualization Specialist and Quality
558,Product Owner with Tableau/Power BI(6 to 10 years)
559,Program Management Data Analytics Internships  Academic Year
560,"Program Manager, Data Science"
561,Programmatic Data Specialist
562,"Project Engineer, Data Center Construction"
563,Project Manager - Software Development for Surgical Data Science
564,"Project Manager, Data Analytics & AI"
565,Project Manager: Customer Outreach (Data Science)
566,Prompt Engineering Internship
567,PySpark Developer
568,Python AI Developer (Remote)
569,Python Engineer
570,Python/ETL Developer
571,QA Analyst  (DB & ETL)
572,"Quality Assurance Engineer, Data Center Engineering"
573,Quant Researcher (AI Asset Mgmt Team)
574,QuintoAndar - Analytics Engineer
575,R&D Packaging Sustainability Data Specialist
576,React Native Engineer - Mobile (Dubai)
577,"Regional Insight Analyst, CRM & Loyalty"
578,Reinforcement Learning Simulation Software Engineer Intern
579,Remote Intermediate Fullstack Engineer (AI Team)
580,Research Analyst
581,Research Engineer
582,Research Engineer - Research
583,Research Engineer Life Science - Molecular Diagnostic Assay Development and Automation (f/m/div.)
584,Research Engineer PEM Electrolyzer (f/m/div.)
585,"Research Engineer for Design, Simulation and Signal Processing Concepts for MEMS Sensors and Actuators (f/m/div.)"
586,Research Engineer in Multi Agent Path Finding for Mobile Robots (f/m/div.)
587,Research Engineer in Text Analytics (Direct Contract with Bosch)
588,Research Engineer  Electrolysis and Fuel Cell Experiments
589,"Research Engineer, Medical NLP/LLMs"
590,"Research Engineer, Privacy"
591,"Research Engineer, Safe, Reliable & Trustworthy AI"
592,"Research Engineer, Safety"
593,Research Engineer- Atmospheric Perils Vulnerability
594,"Research Engineering Manager, Unit 42 (Remote)"
595,Research Intern (Multimodal Language Model) - Summer 2023
596,Research Scientist
597,Research Scientist - Machine Learning and Algorithms
598,Research Scientist Intern
599,Research Scientist  AI-based Planning for Autonomous Systems
600,"Research Scientist, Computational Economics"
601,"Research Scientist, Responsible AI"
602,"Research Scientist, Safe, Reliable & Trustworthy AI"
603,"Research Scientist, Safety"
604,Researcher- Computer Vision
605,Researcher/Senior Researcher  Natural Language Processing and Text Analytics
606,Risk Investigator - AML Operations
607,Robotic Research Engineer - Mechatronics
608,Robotics Engineer
609,Robotics Engineer - Tech Lead
610,"Robotics Engineer, Sensors"
611,Robotics Software Developer (multiple positions) - [BGSW]
612,Robotics Software Developer Intern Fall 2023
613,Robotics Software Engineer
614,Robotics Software Team Lead
615,Rotational Development Program - Artificial Intelligence and Machine Learning Trainee
616,SAP Consultant - Product Data Management
617,SAP Consultant for Product Data Management
618,"SDM, ML Engineering, Amazon"
619,SME Consultant for Data Analytics
620,SMTS - ML Engineer
621,"SMTS, Machine Vision Engineer"
622,SQL Data Engineers
623,SQL Server and ETL Support Engineer (Tier 1/Tier 2)
624,Sales B2B (ZibraAI)
625,Salesforce Administrator/Data Specialist
626,"Scientist 1, Data Science"
627,"Scientist 2, Data Science"
628,"Scientist I, Computational Biology"
629,"Scientist I/II, Computational Biology - Target Biology"
630,"Scientist, Computational Biology, Omics Data Analysis"
631,"Scientist/Senior Scientist, Machine Learning"
632,"Scientist/Sr. Scientist, Computational Biology"
633,"Security Engineer, Data Security"
634,Seismic Imaging Analyst
635,Senior AI Programmer
636,Senior AI Research Scientist  Perception and Machine Learning
637,Senior AI/ML Consultant (Federal)
638,"Senior Analyst, Data Quality & Analytics"
639,"Senior Analyst, Data Science (R-14532)"
640,"Senior Analyst, Data Science and Analytics"
641,"Senior Analyst, Project Management & Data Analytics"
642,Senior Analytics Engineer
643,Senior Analytics Engineer (InfoSec)
644,Senior Analytics Engineer (Seattle or U.S. Remote)
645,"Senior Analytics Engineering Manager (Remote, Americas)"
646,"Senior Applied Research Scientist II, Perception"
647,Senior Applied Scientist
648,Senior Applied Scientist - Document Intelligence
649,Senior Applied Scientist I
650,Senior Applied Scientist II
651,"Senior Applied Scientist II, Market Optimization"
652,"Senior Applied Scientist, Amazon"
653,"Senior Applied Scientist, Amazon Search"
654,"Senior Applied Scientist, Prime Video"
655,"Senior Applied Scientist, Sponsored Products, Demand Identification"
656,Senior Artificial Intelligence SME
657,Senior Associate Data Sciences
658,Senior Autonomy Integration Engineer - Commercialization Team
659,Senior BI Analyst
660,Senior BI Analyst (HYBRID)
661,Senior Backend Engineer - Core Data Team
662,"Senior Backend Engineer, AI"
663,"Senior Backend Engineer, Applied Machine Learning"
664,"Senior Backend Engineer, ML Research"
665,"Senior Battery Modeling Engineer, Data"
666,Senior Cloud Data Operations Engineer
667,Senior Cloud DevOps Engineer (Data & AI) bei eBike Systems (w/m/div.)
668,"Senior Computer Vision Developer (C++, Python)"
669,Senior Computer Vision Engineer
670,Senior Consultant in Data Science
671,Senior Consultant in Data science
672,Senior Data Analytics Developer
673,Senior Data Analytics Engineer
674,Senior Data Analytics Engineer (Contractor)
675,Senior Data Infrastructure Engineer
676,Senior Data Modeller (UK Wide)
677,Senior Data Product Manager
678,Senior Data Product Manager - Link Key People
679,"Senior Data Product Manager, Trading Experience"
680,Senior Data Quality Assurance Specialist
681,Senior Data Quality Developer
682,Senior Data Quality Engineer
683,Senior Data Science Analyst- Model Validation
684,Senior Data Science Consultant
685,Senior Data Science Engineer
686,"Senior Data Science Manager, Marketing"
687,Senior Data Strategist
688,Senior DataOps Engineer (kafka)
689,Senior Databricks Developer
690,"Senior Director - Head of Internal Data Science, Visa Europe"
691,Senior Director of Product - Machine Learning
692,"Senior Director, Clinical Data Management"
693,"Senior Director, Data Management - Remote"
694,Senior ETL Datastage Developer
695,Senior Embedded Software Engineer Base SW (POSIX) - Off-Road Robotics Core Team
696,Senior Engineer Software (ML Applications NLP)
697,"Senior Engineer, Data Management Engineering"
698,"Senior Engineer, Database Tools and Replicator"
699,"Senior Engineering Manager, Data Management"
700,"Senior Engineering Manager, Machine Learning"
701,"Senior Enterprise Architect, Data Quality"
702,Senior Expert BigData & AI Public Cloud (m/w/d) - Open Telekom Cloud REF1768P
703,Senior Functional Safety Engineer - Autonomous Driving
704,"Senior Infrastructure Software Engineer, ML Platform"
705,Senior Inhouse Consultant Data Analytics & Process Mining (w/m/div.)
706,Senior Insight Analyst
707,Senior Insight Analyst - Digital Experience
708,"Senior JavaScript Engineer, AI Tools"
709,"Senior Lead, Third Party Data Strategy & Governance"
710,Senior Linux Software Engineer  Robotics
711,Senior ML Engineer
712,Senior ML Engineer (Portugal Based Remote/Hybrid)
713,Senior ML Engineer (Remote)
714,Senior ML Engineer - NLP
715,Senior ML Engineer I
716,Senior Machine Learning Architect
717,"Senior Machine Learning Expert (on-site, Brussels / Belgium)"
718,"Senior Machine Learning Modeler, Financial Crimes"
719,Senior Machine Learning Scientist
720,Senior Machine Learning Scientist (8304)
721,Senior Machine Learning Scientist (USA REMOTE)
722,Senior Machine Learning Scientist - POI Data
723,"Senior Machine Learning Scientist, Cheminformatics"
724,"Senior Machine Learning Scientist, ML Research"
725,Senior Machine Learning in NLP (Productivity)
726,Senior Manager (Project & Data Management)
727,Senior Manager Data Science
728,"Senior Manager Data Science - Performance Marketing (Montreal, QC)"
729,Senior Manager of Data Analytics
730,Senior Manager of Master Data Management (Hybrid)
731,Senior Manager  Data and AI
732,"Senior Manager, Data Science"
733,"Senior Manager, Data Science (Foursquare Labs, Inc., New York, NY)"
734,"Senior Manager, Data Science - Performance Marketing (Toronto, ON)"
735,"Senior Manager, Personalization Machine Learning Science"
736,Senior NLP Scientist
737,Senior Product Manager  (AI & Automation)
738,Senior Product Manager (AI team)
739,Senior Product Manager (Machine Learning)
740,Senior Product Manager - AI & Data Products
741,Senior Product Manager - Data Management & Search
742,Senior Product Manager - Machine Learning
743,Senior Product Manager | API & Data Products
744,"Senior Product Manager, Attribution (Data Products)"
745,"Senior Product Manager, Automation & Machine Learning"
746,"Senior Product Manager, Data Infrastructure"
747,"Senior Product Manager, Data Infrastructure and ML"
748,"Senior Product Manager, Large Language Model"
749,"Senior Product Manager, Supplier Advertising (Machine Learning)"
750,"Senior Product Marketing Manager, Conversational Intelligence & AI Products"
751,Senior QA Engineer (AI Asset Mgmt Team)
752,Senior Quantitative Researcher (AI Asset Mgmt Team)
753,"Senior Research Engineer, Machine Learning"
754,Senior Research Scientist
755,Senior Research Scientist  AI-based Planning for Autonomous Systems
756,Senior Research Scientist/Engineer -Video Understanding
757,Senior Robotics Engineer
758,Senior Robotics Process Automation Developer
759,Senior Robotics Research Engineer
760,Senior Robotics Software Engineer
761,"Senior Robotics Software Engineer, Research and Development (Remote in US or Canada)"
762,Senior SMWDC Data Analytics Team Lead
763,"Senior Scientist, Decision Sciences"
764,"Senior Scientist, Machine Learning"
765,"Senior Site Reliability Engineer, Datastores (Hybrid)"
766,Senior Software Engineer (AI Asset Mgmt Team)
767,Senior Software Engineer (Data Pipeline)
768,Senior Software Engineer (Power BI) -ELECTION-46
769,Senior Software Engineer (SRE in Elasticsearch platform team)
770,Senior Software Engineer - AI/ML team (.net + python)
771,Senior Software Engineer - Applied AI
772,Senior Software Engineer - Data Infrastructure
773,Senior Software Engineer - Data Visualization
774,Senior Software Engineer - Data analytics
775,"Senior Software Engineer - Java, BigData, Distributed, Spark / Kafka, NoSQL"
776,"Senior Software Engineer I, Machine Learning"
777,"Senior Software Engineer I, Machine Learning, Retrieval Sciences"
778,Senior Software Engineer with Angular (AI/ML)
779,"Senior Software Engineer, AI / Core Optimization"
780,"Senior Software Engineer, Computer Vision"
781,"Senior Software Engineer, Data Lake"
782,"Senior Software Engineer, Data Platform"
783,"Senior Software Engineer, Data Platform - Remote"
784,"Senior Software Engineer, Data Safety"
785,"Senior Software Engineer, Deep Learning (AI)"
786,"Senior Software Engineer, Machine Learning - Ads Intelligence"
787,"Senior Software Engineer, Machine Learning Infrastructure"
788,"Senior Software Engineer, Machine Learning for Robotics"
789,"Senior Software Engineer, Perception, Machine Learning/Computer Vision"
790,Senior Spark Technical Solutions Engineer
791,Senior Stability Analytics Engineer
792,"Senior Staff Applied Research Scientist, Perception"
793,Senior Staff BI Analyst
794,"Senior Staff Data Science Engineer, AI and MLOps"
795,"Senior Staff Software Engineer, Data Storage"
796,"Senior Staff Software Engineer, Machine Learning"
797,"Senior Staff TLM, Machine Learning Infrastructure"
798,Senior Staff/ Staff Engineer(Python | Spark | Delta Lake | GraphDB | Machine Learning)
799,"Senior Technical Integration Consultant- MFT, Migrations, ETL Experience- US Based Remote"
800,Senior Technical Product Manager - Computer Vision & AI
801,"Senior Technical Support Engineer, DataSet"
802,Senior Vision Engineer (English version)
803,Senior or Staff+ Software Engineer - Large Language Models
804,Senior/ Lead Data analytics
805,"Senior/Principal ML Engineer, Content Understanding"
806,Software / ML Engineer (Remote)
807,Software Developer in Data Science Team
808,"Software Development Manager - Computer Vision, Amazon Fulfillment Technology"
809,Software Engineer (AI Asset Mgmt Team)
810,Software Engineer (Data Pipeline)
811,Software Engineer (SRE in Elasticsearch platform team)
812,Software Engineer - Autonomy Metrics
813,Software Engineer - C++ Qt QML Development
814,Software Engineer - Data Analytics
815,Software Engineer - Machine Learning Infrastructure
816,"Software Engineer - Machine Learning, Granica Screen"
817,Software Engineer - Structured Data Strategies
818,Software Engineer -Data Analytics
819,"Software Engineer II, Machine Learning"
820,Software Engineer for Real-Driving Data Analysis Applications
821,Software Engineer  Model Inference
822,"Software Engineer, ChatGPT Product Backend"
823,"Software Engineer, ChatGPT Product Development"
824,"Software Engineer, Computer Vision Program"
825,"Software Engineer, Data Infrastructure"
826,"Software Engineer, Data Ingestion"
827,"Software Engineer, Data Platform"
828,"Software Engineer, Data Platform, Data Management"
829,"Software Engineer, Data Streaming Platform"
830,"Software Engineer, Machine Learning Infrastructure"
831,"Software Engineer, Model Inference"
832,"Software Engineer, Robotics"
833,Software QA Engineer - Machine Learning QE
834,Solutions Consultant (Data Specialist)
835,SparkCognition Director of Accounting - Controller
836,Specialist Solutions Architect - MLOps
837,Specification Coordinator - Data Management
838,Sport data operator
839,Sr / Staff Machine Learning Operations Engineer
840,Sr AI Solution Developer (ServiceNow Developer)
841,Sr Data Product Manager - Trading Experience
842,Sr Director - Implementation Quality - Medical Imaging/PACS
843,Sr Director - Project Implementation - Medical Imaging / PACS
844,Sr SRE/DevOps Engineer (AI & Machine Learning)
845,Sr Software QA Engineer-Machine Learning QE
846,Sr Staff Applied Research Scientist - ATG Core LLM Team
847,"Sr Staff DevOps - Terraform, Kubernetes, CI/CD, Spark / Kafka, Linux, Scripting"
848,Sr. BI Analyst
849,"Sr. Business Intel Engineer, Buy with Prime"
850,"Sr. Business Intel Engineer, Consumables Category Productivity"
851,"Sr. Cloud Engineer, Data Team"
852,"Sr. Data Integrations Engineer, IT Enterprise Applications"
853,"Sr. Director, Data Science"
854,"Sr. Human Resource Business Partner (Technology, Engineering and Data Science)"
855,Sr. ML Engineer (Infrastructure)
856,Sr. Manager (AI/ML)
857,Sr. Product Designer - Data Management (UK)
858,Sr. Product Manager (AI team)
859,Sr. Revenue Operations Specialist - Data Analytics
860,Sr. Security Analytics Engineer
861,"Sr. Software Engineer, Data (Starshield)"
862,Sr. Strategic Financial Data Model Analyst
863,Sr. System Analyst (Robotics Process Automations)
864,Staff Applied Research Scientist
865,Staff Applied Scientist (Open to remote across ANZ)
866,Staff Bioinformatics Scientist - Machine Learning/Classifier Research and Development #2802 (San Diego)
867,Staff Bioinformatics Scientist - Machine Learning/Classifier Research and Development #2802 (Seattle)
868,Staff Data Analytics | Global Analytics
869,"Staff Database Reliability Engineer, Datastores"
870,Staff Developer Advocate - AI & Machine Learning
871,Staff ETL Developer
872,"Staff Engineer, Data Infrastructure"
873,"Staff Engineer, Data Platform"
874,"Staff Engineer, Robotics Controls  (Research & Development, Hybrid-  Nashua, NH)"
875,"Staff Infrastructure Software Engineer, ML Platform"
876,Staff ML Engineer
877,Staff ML Engineer (8627)
878,"Staff ML Engineer, Conversion"
879,"Staff Machine Learning Modeler, Financial Crimes"
880,Staff Machine Learning Platform Engineer
881,Staff Machine Learning Scientist
882,"Staff Machine Learning Software Engineer, Motion Planning"
883,Staff Product Analytics Engineer - Madrid
884,"Staff Product Designer, AI/ML"
885,"Staff Product Manager, Data Pipelines"
886,"Staff Product Manager, Machine Learning and Recommendations"
887,Staff Research Engineer (REQ #R273)
888,Staff Research Scientist/Engineer
889,Staff Research Scientist/Engineer - ATG
890,"Staff Researcher, Machine Learning"
891,Staff Software Engineer - Data Products
892,Staff Software Engineer - Machine Learning
893,Staff Software Engineer - SAP Data Integration
894,Staff Software Engineer - Streaming Data Pipelines
895,"Staff Software Engineer, Data Platform"
896,"Staff Software Engineer, Data Storage"
897,"Staff Software Engineer, Database Infrastructure"
898,"Staff Software Engineer, Datasets and ML infrastructure"
899,"Staff Software Engineer, Machine Learning Acceleration"
900,"Staff Software Engineer, Machine Learning Infrastructure"
901,Staff Software Engineer- Data Production
902,"Staff Systems Engineer, Autonomy & Simulation"
903,"Staff Technical Product Manager, AI Platform and Solutions"
904,Stage - NLP Engineer (H/F)
905,Stage Ingénieur Machine Learning (F/H)
906,Strategic Data Analytics Analyst
907,Strong Junior Front end developer (JustDone.ai)
908,Student Assistant for Data Management (m/f/d)
909,"Support Ops Manager I, ML Data Operations, FBA Support Operations"
910,"Systems Integration Engineer, Aircraft Components"
911,Talan Consulting  Consultant Senior/Manager  Data Strategy (H/F)
912,Team Lead Data Science (f/m/x)
913,"Team Lead, MLops"
914,Teamlead AI & Analytics till AFRY X
915,Teamlead Logistics Data Analytics (m/w/d)
916,Tech Lead (DB & ETL)
917,Tech Lead BI / Power BI CDI - H/F
918,"Tech Lead, Data Management"
919,Technical Architect Databricks
920,Technical Lead - Data Science
921,Technical Leader of Computer Vision
922,"Technical Program Manager, Artificial Intelligence & Data"
923,"Technical Support Manager (Robotics, WMS)"
924,Technical Support Specialist (Robotics) - EU - Remote
925,"Technical Support Supervisor/Manager - EMEA Remote (Robotics, AMR, WMS)"
926,Un.e Ingénieur.e Logiciel Robotics
927,Unreal Engine 3D developer (Zibra AI)
928,VP Engineering - Machine Learning
929,VP of Data Science
930,VP of Data Science and Analytics
931,"VP, Actuarial Modeling and Data Management"
932,"VP, Data Products"
933,Vacation work - (AIS) Actuarial & Insurance Solutions 2023- Johannesburg
934,Vendor Management and Data Quality Lead
935,Vice President
936,Vision Engineer
937,Voice and Data Specialist
938,Workplace Analytics Engineer
939,[??] ????? ??? (Data Specialist / ???)
940,[EA] AI Tech Lead (Artificial Intelligence)
941,iOS Engineer (Dubai)
