,Name
1, AMSTERDAM
2, AZ; NEW YORK CITY; UNITED STATES 
3, CA / NEW YORK CITY
4, CA OR NEW YORK CITY
5, CA; LOS 
6, CA; NEW YORK 
7, CALIFORNIA (HQ)
8, CALIFORNIA; NEW YORK CITY;
9, CANADA & 
10, DALLAS
11, DC METRO AREA
12, DELHI NCR
13, DENMARK; RIO DE 
14, ENGLAND
15, IL; UNITED STATES
16, INDIA (OFFICE)
17, LONDON AND YOUR HOME!
18, MA USA
19, NY; SAN 
20, PORTUGAL.
21, QC
22, QUEBEC | 
23, SAN FRANCISCO
24, SEATTLE
25, SLOVAKIA (SLOVAK REPUBLIC)
26, STATE OF RIO DE 
27, TX
28, TÜRKIYE
29, UNITED STATES (HYBRID)
30, UNITED STATES - 
31, US / CANADA
32, USA; 
33, VIRTUAL LOCATION - WASHINGTON
34, WA - HYBRID
35, WA; NEW YORK 
36, WA; 
37,AMSTERDAM
38,ANALYTICS ENGINEER - MEXICO
39,ANYWHERE IN THE US
40,ASIA
41,ATHENS
42,AUSTIN
43,AUSTRIA - VIENNA
44,Albania
45,Argentina
46,Armenia
47,Australia
48,Austria
49,Azerbaijan
50,BANGALORE
51,BANGKOK
52,BANGKOK (CENTRAL WORLD OFFICE)
53,BANGKOK (CENTRAL WORLD)
54,BARCELONA AREA
55,BELGRADE
56,BENGALURU
57,BENGALURU/ CHENNAI/ PUNE
58,BERLIN HQ
59,BRAZIL - SAO PAOLO
60,BRAZIL - SAO PAULO
61,Bangladesh
62,Belgium
63,Bosnia and Herzegovina
64,Brazil
65,Bulgaria
66,CA - SAN FRANCISCO HQ; CA - 
67,CA - SAN FRANCISCO HQ; WA - 
68,CAPE TOWN
69,CHENNAI (HYBRID)
70,CHICAGO
71,COPENHAGEN
72,Cabo Verde
73,Canada
74,Chile
75,Colombia
76,Costa Rica
77,Croatia
78,Cyprus
79,Czechia
80,DARMSTADT - GERMANY
81,DENVER
82,Denmark
83,EMEA
84,EUROPEAN UNION
85,Egypt
86,Estonia
87,FLEXIBLE WITHIN THE US
88,FRANCE - PARIS
89,Finland
90,France
91,GLOBAL
92,GLOBAL BARCELONA
93,GREATER BOSTON / NEW HAMPSHIRE AREA
94,Gabon
95,Germany
96,Gibraltar
97,Greece
98,HERZLIYA
99,HOME BASED - EMEA
100,HUNGARY - BUDAPEST
101,HYBRID - NEW YORK CITY
102,HYDERABAD
103,HYDERABAD - INDIA
104,Hong Kong
105,Hungary
106,INDIA - BENGALURU
107,INDIA - CHENNAI
108,INDIA - PUNE
109,ISRAEL - KIRYAT ONO
110,ISRAEL - TEL AVIV
111,Iceland
112,India
113,Indonesia
114,Ireland
115,Israel
116,Italy
117,JAPAN - TOKYO
118,JOHANNESBURG
119,Japan
120,Jordan
121,Kenya
122,"Korea, Republic of"
123,LATIN AMERICA
124,LONDON/MANCHESTER (HYBRID)
125,LOS ANGELES
126,Latvia
127,Lebanon
128,Liberia
129,Lithuania
130,Luxembourg
131,MAKATI CITY
132,MASSACHUSETTS - BOSTON
133,MELBOURNE
134,MONTREAL
135,MONTRÉAL
136,MUMBAI
137,Malaysia
138,Marshall Islands
139,Mauritius
140,Mexico
141,"Moldova, Republic of"
142,Monaco
143,Montserrat
144,Morocco
145,NETANYA
146,NEW DELHI
147,NEW HAMPSHIRE AREA
148,NEW YORK CITY
149,NEW YORK CITY - HYBRID
150,NEW YORK CITY OR BOSTON
151,Nepal
152,Netherlands
153,New Zealand
154,Nigeria
155,North Macedonia
156,Norway
157,OSLO - NORWAY
158,Oman
159,PALO ALTO
160,PORTUGAL - LISBON
161,POZNAN
162,PRAGUE
163,PUNE
164,Pakistan
165,Panama
166,Papua New Guinea
167,Philippines
168,Poland
169,Portugal
170,Puerto Rico
171,REDWOOD CITY
172,REMOTE
173,RIGA OR TALLINN
174,RISHON LEZION
175,RSPL HQ - PUNE
176,RZESZOW
177,Romania
178,SAN DIEGO
179,SAN FRANCISCO
180,SAN FRANCISCO BAY
181,SAN MATEO
182,SEATTLE AREA
183,SG - SINGAPORE
184,SYDNEY
185,Serbia
186,Singapore
187,Slovenia
188,South Africa
189,Spain
190,Sri Lanka
191,Sweden
192,Switzerland
193,TAGUIG
194,TEL AVIV
195,THUISWERK
196,TORONTO
197,"Taiwan, Province of China"
198,Thailand
199,Turkey
200,Turks and Caicos Islands
201,UNITED KINGDOM - LONDON
202,UNITED STATES (U.S.)
203,UNITED STATES AND CANADA
204,UNITED STATES OR LONDON
205,US - DALLAS
206,US / CANADA
207,Uganda
208,Ukraine
209,United Kingdom
210,United States
211,Uruguay
212,Viet Nam
213,WARSAW
214,ZURICH SWITZERLAND
215,Zambia
216,Zimbabwe
